{"cameraMode":{"drawMode":0,"name":"Shaded","section":"Shading Mode"},"sceneLighting":false,"audioPlay":false,"sceneViewState":{"m_AlwaysRefresh":false,"showFog":true,"showSkybox":false,"showFlares":true,"showImageEffects":true,"showParticleSystems":true,"showVisualEffectGraphs":true,"m_FxEnabled":true},"in2DMode":false,"pivot":{"x":11.881625175476075,"y":3.750314235687256,"z":1.3997225761413575},"rotation":{"x":-0.06443950533866883,"y":0.02214640937745571,"z":-0.0014304851647466422,"w":-0.9976757168769836},"size":0.07065488398075104,"orthographic":false}