{"cameraMode":{"drawMode":0,"name":"Shaded","section":"Shading Mode"},"sceneLighting":false,"audioPlay":false,"sceneViewState":{"m_AlwaysRefresh":false,"showFog":true,"showSkybox":false,"showFlares":true,"showImageEffects":true,"showParticleSystems":true,"showVisualEffectGraphs":true,"m_FxEnabled":true},"in2DMode":false,"pivot":{"x":2.0498428344726564,"y":1.6322153806686402,"z":7.2776312828063969},"rotation":{"x":-0.0017446427373215557,"y":0.997779905796051,"z":-0.059938639402389529,"w":-0.02904597297310829},"size":1.9377822875976563,"orthographic":false}