{"cameraMode":{"drawMode":0,"name":"Shaded","section":"Shading Mode"},"sceneLighting":true,"audioPlay":false,"sceneViewState":{"m_AlwaysRefresh":false,"showFog":true,"showSkybox":true,"showFlares":true,"showImageEffects":true,"showParticleSystems":true,"showVisualEffectGraphs":true,"m_FxEnabled":true},"in2DMode":false,"pivot":{"x":0.4587843418121338,"y":0.7999982237815857,"z":14.91845417022705},"rotation":{"x":-0.2691703140735626,"y":-0.11439617723226547,"z":0.032118815928697589,"w":-0.9557929635047913},"size":1.5739716291427613,"orthographic":false}