{"cameraMode":{"drawMode":0,"name":"Shaded","section":"Shading Mode"},"sceneLighting":false,"audioPlay":false,"sceneViewState":{"m_AlwaysRefresh":false,"showFog":true,"showSkybox":false,"showFlares":true,"showImageEffects":true,"showParticleSystems":true,"showVisualEffectGraphs":true,"m_FxEnabled":true},"in2DMode":false,"pivot":{"x":-0.12999999523162843,"y":1.4730000495910645,"z":12.713000297546387},"rotation":{"x":-0.26834964752197268,"y":0.16741327941417695,"z":-0.04751226678490639,"w":-0.9475303292274475},"size":1.2247449159622193,"orthographic":false}