{"cameraMode":{"drawMode":0,"name":"Shaded","section":"Shading Mode"},"sceneLighting":false,"audioPlay":false,"sceneViewState":{"m_AlwaysRefresh":false,"showFog":true,"showSkybox":false,"showFlares":true,"showImageEffects":true,"showParticleSystems":true,"showVisualEffectGraphs":true,"m_FxEnabled":true},"in2DMode":false,"pivot":{"x":-0.252107173204422,"y":0.740922212600708,"z":0.2186514139175415},"rotation":{"x":0.28956836462020876,"y":0.037891943007707599,"z":-0.011490611359477044,"w":0.9563888311386108},"size":0.8660253882408142,"orthographic":false}